file:///home/christian/Desktop/github/germhist/ipchg/structured/omd/1498_tauler_saxony.ver0_4.txt#s103_0	gebenn	file:///home/christian/Desktop/github/germhist/ipchg/structured/omd/1498_tauler_saxony.ver0_4.txt#bPARSE_1716	DAT>ACC	_	N^A^SG	_	N^D^SG	dep		15	2	P	OMD
file:///home/christian/Desktop/github/germhist/ipchg/structured/omd/1498_tauler_saxony.ver0_4.txt#s170_0	gebiret	file:///home/christian/Desktop/github/germhist/ipchg/structured/omd/1498_tauler_saxony.ver0_4.txt#bPARSE_2800	DAT>ACC	_	N^A^SG	_	N^D^SG	main		15	2	P	OMD
file:///home/christian/Desktop/github/germhist/ipchg/structured/omd/1498_tauler_saxony.ver0_4.txt#s368_0	vorwandelt	file:///home/christian/Desktop/github/germhist/ipchg/structured/omd/1498_tauler_saxony.ver0_4.txt#bPARSE_7349	DAT>ACC	_	N^A^SG	_	N^N^SG	main		15	2	P	OMD
file:///home/christian/Desktop/github/germhist/ipchg/structured/omd/1498_tauler_saxony.ver0_4.txt#s365_0	thun	file:///home/christian/Desktop/github/germhist/ipchg/structured/omd/1498_tauler_saxony.ver0_4.txt#bPARSE_7250	DAT>ACC	_	N^A^SG	_	N^D^PL	main		15	2	P	OMD
file:///home/christian/Desktop/github/germhist/ipchg/structured/omd/1498_tauler_saxony.ver0_4.txt#s393_0	geben	file:///home/christian/Desktop/github/germhist/ipchg/structured/omd/1498_tauler_saxony.ver0_4.txt#bPARSE_7802	DAT>ACC	_	N^A^SG	_	N^D^SG	dep		15	2	P	OMD
file:///home/christian/Desktop/github/germhist/ipchg/structured/omd/1498_tauler_saxony.ver0_4.txt#s239_0	keren	file:///home/christian/Desktop/github/germhist/ipchg/structured/omd/1498_tauler_saxony.ver0_4.txt#bPARSE_4152	DAT>ACC	_	N^A^SG	_	N^D^SG	dep		15	2	P	OMD
file:///home/christian/Desktop/github/germhist/ipchg/structured/omd/1498_tauler_saxony.ver0_4.txt#s159_0	geben	file:///home/christian/Desktop/github/germhist/ipchg/structured/omd/1498_tauler_saxony.ver0_4.txt#bPARSE_2649	ACC>DAT	_	N^A^SG	_	N^D^SG	dep		15	2	P	OMD
file:///home/christian/Desktop/github/germhist/ipchg/structured/omd/1522_martinus_saxony.ver0_4.txt#s159_0	tzuschlagen	file:///home/christian/Desktop/github/germhist/ipchg/structured/omd/1522_martinus_saxony.ver0_4.txt#bPARSE_2325	DAT>ACC	_	N^A^SG	_	N^D^SG	main		16	1	P	OMD
file:///home/christian/Desktop/github/germhist/ipchg/structured/omd/1522_martinus_saxony.ver0_4.txt#s158_0	geschlagen	file:///home/christian/Desktop/github/germhist/ipchg/structured/omd/1522_martinus_saxony.ver0_4.txt#bPARSE_2313	DAT>ACC	_	N^A^SG	_	N^D^SG	main		16	1	P	OMD
file:///home/christian/Desktop/github/germhist/ipchg/structured/omd/1522_martinus_saxony.ver0_4.txt#s103_0	tragen	file:///home/christian/Desktop/github/germhist/ipchg/structured/omd/1522_martinus_saxony.ver0_4.txt#bPARSE_1387	DAT>ACC	_	N^A^SG	_	N^D^SG	dep		16	1	P	OMD
file:///home/christian/Desktop/github/germhist/ipchg/structured/omd/1599_thuringische_thuringia.ver0_4.txt#s282_0	forderte	file:///home/christian/Desktop/github/germhist/ipchg/structured/omd/1599_thuringische_thuringia.ver0_4.txt#bPARSE_4925	ACC>DAT	_	N^A^SG	_	NPR^D^SG	main		16	2	P	OMD
file:///home/christian/Desktop/github/germhist/ipchg/structured/omd/1599_thuringische_thuringia.ver0_4.txt#s328_0	geben	file:///home/christian/Desktop/github/germhist/ipchg/structured/omd/1599_thuringische_thuringia.ver0_4.txt#bPARSE_5904	ACC>DAT	_	N^A^SG	_	N^D^SG	dep		16	2	P	OMD
file:///home/christian/Desktop/github/germhist/ipchg/structured/omd/1599_thuringische_thuringia.ver0_4.txt#s423_0	gewonnen	file:///home/christian/Desktop/github/germhist/ipchg/structured/omd/1599_thuringische_thuringia.ver0_4.txt#bPARSE_7450	DAT>ACC	_	N^A^SG	_	N^D^SG	main		16	2	P	OMD
file:///home/christian/Desktop/github/germhist/ipchg/structured/omd/1599_thuringische_thuringia.ver0_4.txt#s45_0	gab	file:///home/christian/Desktop/github/germhist/ipchg/structured/omd/1599_thuringische_thuringia.ver0_4.txt#bPARSE_824	DAT>ACC	_	N^A^SG	_	N^D^SG	dep		16	2	P	OMD
file:///home/christian/Desktop/github/germhist/ipchg/structured/omd/1599_thuringische_thuringia.ver0_4.txt#s298_0	thet	file:///home/christian/Desktop/github/germhist/ipchg/structured/omd/1599_thuringische_thuringia.ver0_4.txt#bPARSE_5326	DAT>ACC	_	N^A^SG	_	N^D^SG	main		16	2	P	OMD
file:///home/christian/Desktop/github/germhist/ipchg/structured/omd/1599_thuringische_thuringia.ver0_4.txt#s305_0	vbergaben	file:///home/christian/Desktop/github/germhist/ipchg/structured/omd/1599_thuringische_thuringia.ver0_4.txt#bPARSE_5438	ACC>DAT	_	N^A^SG	_	N^D^SG	main		16	2	P	OMD
file:///home/christian/Desktop/github/germhist/ipchg/structured/omd/1599_thuringische_thuringia.ver0_4.txt#s209_0	geben	file:///home/christian/Desktop/github/germhist/ipchg/structured/omd/1599_thuringische_thuringia.ver0_4.txt#bPARSE_3499	DAT>ACC	_	N^A^SG	_	NPR^D^SG	main		16	2	P	OMD
file:///home/christian/Desktop/github/germhist/ipchg/structured/omd/1599_thuringische_thuringia.ver0_4.txt#s310_0	Thet	file:///home/christian/Desktop/github/germhist/ipchg/structured/omd/1599_thuringische_thuringia.ver0_4.txt#bPARSE_5504	DAT>ACC	_	N^A^SG	_	N^D^SG	main		16	2	P	OMD
file:///home/christian/Desktop/github/germhist/ipchg/structured/omd/1599_thuringische_thuringia.ver0_4.txt#s310_0	thet	file:///home/christian/Desktop/github/germhist/ipchg/structured/omd/1599_thuringische_thuringia.ver0_4.txt#bPARSE_5531	DAT>ACC	_	N^A^SG	_	N^D^PL	main		16	2	P	OMD
file:///home/christian/Desktop/github/germhist/ipchg/structured/omd/1599_thuringische_thuringia.ver0_4.txt#s348_0	ernendte	file:///home/christian/Desktop/github/germhist/ipchg/structured/omd/1599_thuringische_thuringia.ver0_4.txt#bPARSE_6280	DAT>ACC	_	N^A^SG	_	N^D^SG	main		16	2	P	OMD
file:///home/christian/Desktop/github/germhist/ipchg/structured/omd/1599_thuringische_thuringia.ver0_4.txt#s287_0	gab	file:///home/christian/Desktop/github/germhist/ipchg/structured/omd/1599_thuringische_thuringia.ver0_4.txt#bPARSE_5058	DAT>ACC	_	N^A^SG	_	N^D^SG	main		16	2	P	OMD
file:///home/christian/Desktop/github/germhist/ipchg/structured/omd/1599_thuringische_thuringia.ver0_4.txt#s29_0	Predigen	file:///home/christian/Desktop/github/germhist/ipchg/structured/omd/1599_thuringische_thuringia.ver0_4.txt#bPARSE_614	DAT>ACC	_	N^A^SG	_	N^D^PL	dep		16	2	P	OMD
file:///home/christian/Desktop/github/germhist/ipchg/structured/omd/1599_thuringische_thuringia.ver0_4.txt#s78_0	brachte	file:///home/christian/Desktop/github/germhist/ipchg/structured/omd/1599_thuringische_thuringia.ver0_4.txt#bPARSE_1423	DAT>ACC	_	N^A^SG	_	NPR^D^SG	main		16	2	P	OMD
file:///home/christian/Desktop/github/germhist/ipchg/structured/omd/1599_thuringische_thuringia.ver0_4.txt#s414_0	verlassen	file:///home/christian/Desktop/github/germhist/ipchg/structured/omd/1599_thuringische_thuringia.ver0_4.txt#bPARSE_7300	DAT>ACC	_	N^A^SG	_	NPR^D^SG	main		16	2	P	OMD
file:///home/christian/Desktop/github/germhist/ipchg/structured/omd/1599_thuringische_thuringia.ver0_4.txt#s435_0	geben	file:///home/christian/Desktop/github/germhist/ipchg/structured/omd/1599_thuringische_thuringia.ver0_4.txt#bPARSE_7618	DAT>ACC	_	N^A^SG	_	N^D^PL	dep		16	2	P	OMD
file:///home/christian/Desktop/github/germhist/ipchg/structured/omd/1599_thuringische_thuringia.ver0_4.txt#s294_0	thet	file:///home/christian/Desktop/github/germhist/ipchg/structured/omd/1599_thuringische_thuringia.ver0_4.txt#bPARSE_5224	ACC>DAT	_	N^A^SG	_	NPR^D^SG	main		16	2	P	OMD
file:///home/christian/Desktop/github/germhist/ipchg/structured/omd/1599_thuringische_thuringia.ver0_4.txt#s186_0	gab	file:///home/christian/Desktop/github/germhist/ipchg/structured/omd/1599_thuringische_thuringia.ver0_4.txt#bPARSE_3153	ACC>DAT	_	N^A^SG	_	N^D^SG	main		16	2	P	OMD
file:///home/christian/Desktop/github/germhist/ipchg/structured/omd/1599_thuringische_thuringia.ver0_4.txt#s405_0	geben	file:///home/christian/Desktop/github/germhist/ipchg/structured/omd/1599_thuringische_thuringia.ver0_4.txt#bPARSE_7153	DAT>ACC	_	N^A^SG	_	N^D^PL	dep		16	2	P	OMD
file:///home/christian/Desktop/github/germhist/ipchg/structured/omd/1599_thuringische_thuringia.ver0_4.txt#s288_0	thet	file:///home/christian/Desktop/github/germhist/ipchg/structured/omd/1599_thuringische_thuringia.ver0_4.txt#bPARSE_5083	DAT>ACC	_	N^A^SG	_	N^D^SG	main		16	2	P	OMD
file:///home/christian/Desktop/github/germhist/ipchg/structured/omd/1599_thuringische_thuringia.ver0_4.txt#s313_0	theten	file:///home/christian/Desktop/github/germhist/ipchg/structured/omd/1599_thuringische_thuringia.ver0_4.txt#bPARSE_5598	DAT>ACC	_	N^A^SG	_	N^D^SG	dep		16	2	P	OMD
file:///home/christian/Desktop/github/germhist/ipchg/structured/ood/1475_bairischechronik_bavaria.ver0_4.txt#s107_0	pat	file:///home/christian/Desktop/github/germhist/ipchg/structured/ood/1475_bairischechronik_bavaria.ver0_4.txt#bPARSE_1610	DAT>ACC	_	NPR^A^SG	_	N^G^SG	main		15	2	P	OOD
file:///home/christian/Desktop/github/germhist/ipchg/structured/ood/1475_bairischechronik_bavaria.ver0_4.txt#s392_0	last	file:///home/christian/Desktop/github/germhist/ipchg/structured/ood/1475_bairischechronik_bavaria.ver0_4.txt#bPARSE_5663	DAT>ACC	_	N^A^SG	_	N^D^SG	dep		15	2	P	OOD
file:///home/christian/Desktop/github/germhist/ipchg/structured/ood/1475_bairischechronik_bavaria.ver0_4.txt#s280_0	erpeutest	file:///home/christian/Desktop/github/germhist/ipchg/structured/ood/1475_bairischechronik_bavaria.ver0_4.txt#bPARSE_4054	DAT>ACC	_	N^A^PL	_	N^D^PL	dep		15	2	P	OOD
file:///home/christian/Desktop/github/germhist/ipchg/structured/ood/1475_bairischechronik_bavaria.ver0_4.txt#s278_0	schicken	file:///home/christian/Desktop/github/germhist/ipchg/structured/ood/1475_bairischechronik_bavaria.ver0_4.txt#bPARSE_4011	DAT>ACC	_	N^A^PL	_	N^G^SG	dep		15	2	P	OOD
file:///home/christian/Desktop/github/germhist/ipchg/structured/ood/1475_bairischechronik_bavaria.ver0_4.txt#s414_0	erwirbt	file:///home/christian/Desktop/github/germhist/ipchg/structured/ood/1475_bairischechronik_bavaria.ver0_4.txt#bPARSE_6083	DAT>ACC	_	N^A^SG	_	N^D^SG	main		15	2	P	OOD
file:///home/christian/Desktop/github/germhist/ipchg/structured/ood/1475_bairischechronik_bavaria.ver0_4.txt#s451_0	gedencket	file:///home/christian/Desktop/github/germhist/ipchg/structured/ood/1475_bairischechronik_bavaria.ver0_4.txt#bPARSE_6697	ACC>DAT	_	N^A^SG	_	N^D^SG	main		15	2	P	OOD
file:///home/christian/Desktop/github/germhist/ipchg/structured/ood/1475_bairischechronik_bavaria.ver0_4.txt#s264_0	pat	file:///home/christian/Desktop/github/germhist/ipchg/structured/ood/1475_bairischechronik_bavaria.ver0_4.txt#bPARSE_3849	DAT>ACC	_	N^A^SG	_	N^D^SG	main		15	2	P	OOD
file:///home/christian/Desktop/github/germhist/ipchg/structured/ood/1475_bairischechronik_bavaria.ver0_4.txt#s279_0	erpeütest	file:///home/christian/Desktop/github/germhist/ipchg/structured/ood/1475_bairischechronik_bavaria.ver0_4.txt#bPARSE_4031	DAT>ACC	_	N^A^SG	_	N^D^PL	dep		15	2	P	OOD
file:///home/christian/Desktop/github/germhist/ipchg/structured/ood/1475_bairischechronik_bavaria.ver0_4.txt#s440_0	schlueg	file:///home/christian/Desktop/github/germhist/ipchg/structured/ood/1475_bairischechronik_bavaria.ver0_4.txt#bPARSE_6482	DAT>ACC	_	N^A^SG	_	N^D^SG	main		15	2	P	OOD
file:///home/christian/Desktop/github/germhist/ipchg/structured/ood/1475_bairischechronik_bavaria.ver0_4.txt#s168_0	sagte	file:///home/christian/Desktop/github/germhist/ipchg/structured/ood/1475_bairischechronik_bavaria.ver0_4.txt#bPARSE_2529	DAT>ACC	_	N^A^SG	_	N^D^SG	main		15	2	P	OOD
file:///home/christian/Desktop/github/germhist/ipchg/structured/ood/1475_bairischechronik_bavaria.ver0_4.txt#s136_0	stamt	file:///home/christian/Desktop/github/germhist/ipchg/structured/ood/1475_bairischechronik_bavaria.ver0_4.txt#bPARSE_2049	DAT>ACC	_	N^A^SG	_	N^D^SG	main		15	2	P	OOD
file:///home/christian/Desktop/github/germhist/ipchg/structured/ood/1475_bairischechronik_bavaria.ver0_4.txt#s366_0	gab	file:///home/christian/Desktop/github/germhist/ipchg/structured/ood/1475_bairischechronik_bavaria.ver0_4.txt#bPARSE_5225	DAT>ACC	_	N^A^PL	_	N^D^SG	main		15	2	P	OOD
file:///home/christian/Desktop/github/germhist/ipchg/structured/ood/1475_bairischechronik_bavaria.ver0_4.txt#s313_0	sagte	file:///home/christian/Desktop/github/germhist/ipchg/structured/ood/1475_bairischechronik_bavaria.ver0_4.txt#bPARSE_4515	DAT>ACC	_	N^A^SG	_	N^D^SG	dep		15	2	P	OOD
file:///home/christian/Desktop/github/germhist/ipchg/structured/ood/1475_bairischechronik_bavaria.ver0_4.txt#s430_0	kerten	file:///home/christian/Desktop/github/germhist/ipchg/structured/ood/1475_bairischechronik_bavaria.ver0_4.txt#bPARSE_6370	DAT>ACC	_	N^A^SG	_	N^D^PL	dep		15	2	P	OOD
file:///home/christian/Desktop/github/germhist/ipchg/structured/ood/1480_troyana_austria.ver0_5a.txt#s273_0	slueg	file:///home/christian/Desktop/github/germhist/ipchg/structured/ood/1480_troyana_austria.ver0_5a.txt#bPARSE_5318	DAT>ACC	_	N^A^SG	_	NPR^D^SG	main		15	2	P	OOD
file:///home/christian/Desktop/github/germhist/ipchg/structured/ood/1480_troyana_austria.ver0_5a.txt#s26_0	gab	file:///home/christian/Desktop/github/germhist/ipchg/structured/ood/1480_troyana_austria.ver0_5a.txt#bPARSE_400	ACC>DAT	_	N^A^SG	_	N^D^SG	main		15	2	P	OOD
file:///home/christian/Desktop/github/germhist/ipchg/structured/ood/1480_troyana_austria.ver0_5a.txt#s344_0	sagt	file:///home/christian/Desktop/github/germhist/ipchg/structured/ood/1480_troyana_austria.ver0_5a.txt#bPARSE_6845	DAT>ACC	_	N^A^SG	_	N^D^SG	dep		15	2	P	OOD
file:///home/christian/Desktop/github/germhist/ipchg/structured/ood/1480_troyana_austria.ver0_5a.txt#s348_0	gewang	file:///home/christian/Desktop/github/germhist/ipchg/structured/ood/1480_troyana_austria.ver0_5a.txt#bPARSE_7006	DAT>ACC	_	N^A^SG	_	NPR^D^SG	dep		15	2	P	OOD
file:///home/christian/Desktop/github/germhist/ipchg/structured/ood/1480_troyana_austria.ver0_5a.txt#s270_0	slueg	file:///home/christian/Desktop/github/germhist/ipchg/structured/ood/1480_troyana_austria.ver0_5a.txt#bPARSE_5269	DAT>ACC	_	N^A^SG	_	NPR^D^SG	main		15	2	P	OOD
file:///home/christian/Desktop/github/germhist/ipchg/structured/ood/1480_troyana_austria.ver0_5a.txt#s276_0	slueg	file:///home/christian/Desktop/github/germhist/ipchg/structured/ood/1480_troyana_austria.ver0_5a.txt#bPARSE_5377	DAT>ACC	_	N^A^SG	_	NPR^D^SG	main		15	2	P	OOD
file:///home/christian/Desktop/github/germhist/ipchg/structured/ood/1480_troyana_austria.ver0_5a.txt#s281_0	leuff	file:///home/christian/Desktop/github/germhist/ipchg/structured/ood/1480_troyana_austria.ver0_5a.txt#bPARSE_5464	DAT>ACC	_	N^A^SG	_	NPR^D^SG	main		15	2	P	OOD
file:///home/christian/Desktop/github/germhist/ipchg/structured/ood/1480_troyana_austria.ver0_5a.txt#s266_0	beraitt	file:///home/christian/Desktop/github/germhist/ipchg/structured/ood/1480_troyana_austria.ver0_5a.txt#bPARSE_5169	DAT>ACC	_	N^A^SG	_	N^D^PL	main		15	2	P	OOD
file:///home/christian/Desktop/github/germhist/ipchg/structured/ood/1480_troyana_austria.ver0_5a.txt#s288_0	verloren	file:///home/christian/Desktop/github/germhist/ipchg/structured/ood/1480_troyana_austria.ver0_5a.txt#bPARSE_5656	DAT>ACC	_	N^A^SG	_	N^D^SG	dep		15	2	P	OOD
file:///home/christian/Desktop/github/germhist/ipchg/structured/ood/1529_geistlichemai_bavaria.ver0_4.txt#s88_0	geben	file:///home/christian/Desktop/github/germhist/ipchg/structured/ood/1529_geistlichemai_bavaria.ver0_4.txt#bPARSE_1914	DAT>ACC	_	N^A^SG	_	N^D^PL	dep		16	1	P	OOD
file:///home/christian/Desktop/github/germhist/ipchg/structured/ood/1529_geistlichemai_bavaria.ver0_4.txt#s274_0	genumen	file:///home/christian/Desktop/github/germhist/ipchg/structured/ood/1529_geistlichemai_bavaria.ver0_4.txt#bPARSE_6725	ACC>DAT	_	N^A^SG	_	N^D^SG	dep		16	1	P	OOD
file:///home/christian/Desktop/github/germhist/ipchg/structured/ood/1529_geistlichemai_bavaria.ver0_4.txt#s167_0	klagen	file:///home/christian/Desktop/github/germhist/ipchg/structured/ood/1529_geistlichemai_bavaria.ver0_4.txt#bPARSE_4005	DAT>ACC	_	N^A^SG	_	N^D^PL	dep		16	1	P	OOD
file:///home/christian/Desktop/github/germhist/ipchg/structured/ood/1650_probstein_vienna.ver0_4.txt#s211_0	schreiben	file:///home/christian/Desktop/github/germhist/ipchg/structured/ood/1650_probstein_vienna.ver0_4.txt#bPARSE_3628	DAT>ACC	_	N^A^SG	_	N^D^SG	main		17	2	P	OOD
file:///home/christian/Desktop/github/germhist/ipchg/structured/ood/1650_probstein_vienna.ver0_4.txt#s476_0	geben	file:///home/christian/Desktop/github/germhist/ipchg/structured/ood/1650_probstein_vienna.ver0_4.txt#bPARSE_7577	DAT>ACC	_	N^A^SG	_	N^D^PL	main		17	2	P	OOD
file:///home/christian/Desktop/github/germhist/ipchg/structured/ood/1650_probstein_vienna.ver0_4.txt#s437_0	ergrieffen	file:///home/christian/Desktop/github/germhist/ipchg/structured/ood/1650_probstein_vienna.ver0_4.txt#bPARSE_6953	DAT>ACC	_	N^A^SG	_	NPR^D^SG	main		17	2	P	OOD
file:///home/christian/Desktop/github/germhist/ipchg/structured/ood/1650_probstein_vienna.ver0_4.txt#s264_0	lesen	file:///home/christian/Desktop/github/germhist/ipchg/structured/ood/1650_probstein_vienna.ver0_4.txt#bPARSE_4326	ACC>DAT	_	N^A^SG	_	N^D^SG	dep		17	2	P	OOD
file:///home/christian/Desktop/github/germhist/ipchg/structured/ood/1650_probstein_vienna.ver0_4.txt#s299_0	zertretten:	file:///home/christian/Desktop/github/germhist/ipchg/structured/ood/1650_probstein_vienna.ver0_4.txt#bPARSE_4834	DAT>ACC	_	N^A^SG	_	N^D^SG	main		17	2	P	OOD
file:///home/christian/Desktop/github/germhist/ipchg/structured/ood/1650_probstein_vienna.ver0_4.txt#s149_0	opffern	file:///home/christian/Desktop/github/germhist/ipchg/structured/ood/1650_probstein_vienna.ver0_4.txt#bPARSE_2378	DAT>ACC	_	N^A^SG	_	N^D^SG	dep		17	2	P	OOD
file:///home/christian/Desktop/github/germhist/ipchg/structured/ood/1650_probstein_vienna.ver0_4.txt#s310_0	verbotten	file:///home/christian/Desktop/github/germhist/ipchg/structured/ood/1650_probstein_vienna.ver0_4.txt#bPARSE_4997	DAT>ACC	_	N^A^SG	_	N^D^PL	dep		17	2	P	OOD
file:///home/christian/Desktop/github/germhist/ipchg/structured/ood/1650_probstein_vienna.ver0_4.txt#s358_0	versprochen	file:///home/christian/Desktop/github/germhist/ipchg/structured/ood/1650_probstein_vienna.ver0_4.txt#bPARSE_5857	DAT>ACC	_	N^A^SG	_	N^D^SG	main		17	2	P	OOD
file:///home/christian/Desktop/github/germhist/ipchg/structured/ood/1650_probstein_vienna.ver0_4.txt#s207_0	verhaissen	file:///home/christian/Desktop/github/germhist/ipchg/structured/ood/1650_probstein_vienna.ver0_4.txt#bPARSE_3574	DAT>ACC	_	N^N^SG	_	N^D^SG	main		17	2	P	OOD
file:///home/christian/Desktop/github/germhist/ipchg/structured/ood/1650_probstein_vienna.ver0_4.txt#s385_0	raichen	file:///home/christian/Desktop/github/germhist/ipchg/structured/ood/1650_probstein_vienna.ver0_4.txt#bPARSE_6210	DAT>ACC	_	N^A^SG	_	N^D^PL	dep		17	2	P	OOD
file:///home/christian/Desktop/github/germhist/ipchg/structured/ood/1650_probstein_vienna.ver0_4.txt#s332_0	zertretten	file:///home/christian/Desktop/github/germhist/ipchg/structured/ood/1650_probstein_vienna.ver0_4.txt#bPARSE_5436	DAT>ACC	_	N^A^SG	_	N^D^SG	main		17	2	P	OOD
file:///home/christian/Desktop/github/germhist/ipchg/structured/ood/1650_probstein_vienna.ver0_4.txt#s120_0	gelassen	file:///home/christian/Desktop/github/germhist/ipchg/structured/ood/1650_probstein_vienna.ver0_4.txt#bPARSE_1912	DAT>ACC	_	N^A^SG	_	N^D^SG	dep		17	2	P	OOD
file:///home/christian/Desktop/github/germhist/ipchg/structured/ood/1650_probstein_vienna.ver0_4.txt#s331_0	zertretten	file:///home/christian/Desktop/github/germhist/ipchg/structured/ood/1650_probstein_vienna.ver0_4.txt#bPARSE_5426	DAT>ACC	_	N^A^SG	_	N^D^SG	main		17	2	P	OOD
file:///home/christian/Desktop/github/germhist/ipchg/structured/ood/1650_probstein_vienna.ver0_4.txt#s299_0	zutretten	file:///home/christian/Desktop/github/germhist/ipchg/structured/ood/1650_probstein_vienna.ver0_4.txt#bPARSE_4840	DAT>ACC	_	N^A^SG	_	N^D^SG	main		17	2	P	OOD
file:///home/christian/Desktop/github/germhist/ipchg/structured/ood/1650_probstein_vienna.ver0_4.txt#s235_0	gestehn	file:///home/christian/Desktop/github/germhist/ipchg/structured/ood/1650_probstein_vienna.ver0_4.txt#bPARSE_3869	DAT>ACC	_	N^A^SG	_	N^D^SG	main		17	2	P	OOD
file:///home/christian/Desktop/github/germhist/ipchg/structured/ood/1650_probstein_vienna.ver0_4.txt#s101_0	tadlen	file:///home/christian/Desktop/github/germhist/ipchg/structured/ood/1650_probstein_vienna.ver0_4.txt#bPARSE_1562	DAT>ACC	_	N^A^PL	_	NPR^D^SG	dep		17	2	P	OOD
file:///home/christian/Desktop/github/germhist/ipchg/structured/ood/1650_probstein_vienna.ver0_4.txt#s419_0	tadlen	file:///home/christian/Desktop/github/germhist/ipchg/structured/ood/1650_probstein_vienna.ver0_4.txt#bPARSE_6662	DAT>ACC	_	N^A^SG	_	N^D^SG	dep		17	2	P	OOD
file:///home/christian/Desktop/github/germhist/ipchg/structured/wmd/1360_neuesbuch_cologne.ver0_4.txt#s71_0	sagen	file:///home/christian/Desktop/github/germhist/ipchg/structured/wmd/1360_neuesbuch_cologne.ver0_4.txt#bPARSE_2305	ACC>DAT	_	N^A^PL	_	N^D^SG	dep		14	2	P	WMD
file:///home/christian/Desktop/github/germhist/ipchg/structured/wmd/1360_neuesbuch_cologne.ver0_4.txt#s125_0	geuen	file:///home/christian/Desktop/github/germhist/ipchg/structured/wmd/1360_neuesbuch_cologne.ver0_4.txt#bPARSE_4003	DAT>ACC	_	N^A^PL	_	N^D^PL	dep		14	2	P	WMD
file:///home/christian/Desktop/github/germhist/ipchg/structured/wmd/1360_neuesbuch_cologne.ver0_4.txt#s150_0	daden	file:///home/christian/Desktop/github/germhist/ipchg/structured/wmd/1360_neuesbuch_cologne.ver0_4.txt#bPARSE_5297	DAT>ACC	_	N^A^SG	_	N^D^SG	dep		14	2	P	WMD
file:///home/christian/Desktop/github/germhist/ipchg/structured/wmd/1360_neuesbuch_cologne.ver0_4.txt#s13_0	gheuen	file:///home/christian/Desktop/github/germhist/ipchg/structured/wmd/1360_neuesbuch_cologne.ver0_4.txt#bPARSE_277	DAT>ACC	_	N^A^SG	_	N^D^SG	dep		14	2	P	WMD
file:///home/christian/Desktop/github/germhist/ipchg/structured/wmd/1360_neuesbuch_cologne.ver0_4.txt#s93_0	geuen	file:///home/christian/Desktop/github/germhist/ipchg/structured/wmd/1360_neuesbuch_cologne.ver0_4.txt#bPARSE_3147	DAT>ACC	_	N^A^PL	_	N^D^PL	dep		14	2	P	WMD
file:///home/christian/Desktop/github/germhist/ipchg/structured/wmd/1360_neuesbuch_cologne.ver0_4.txt#s154_0	deden	file:///home/christian/Desktop/github/germhist/ipchg/structured/wmd/1360_neuesbuch_cologne.ver0_4.txt#bPARSE_5422	DAT>ACC	_	N^A^SG	_	N^D^SG	dep		14	2	P	WMD
file:///home/christian/Desktop/github/germhist/ipchg/structured/wmd/1360_neuesbuch_cologne.ver0_4.txt#s65_0	nam	file:///home/christian/Desktop/github/germhist/ipchg/structured/wmd/1360_neuesbuch_cologne.ver0_4.txt#bPARSE_2133	DAT>ACC	_	N^A^PL	_	N^D^PL	main		14	2	P	WMD
file:///home/christian/Desktop/github/germhist/ipchg/structured/wmd/1360_neuesbuch_cologne.ver0_4.txt#s168_0	lachten	file:///home/christian/Desktop/github/germhist/ipchg/structured/wmd/1360_neuesbuch_cologne.ver0_4.txt#bPARSE_6338	DAT>ACC	_	N^A^SG	_	N^D^SG	main		14	2	P	WMD
file:///home/christian/Desktop/github/germhist/ipchg/structured/wmd/1360_neuesbuch_cologne.ver0_4.txt#s131_0	halden	file:///home/christian/Desktop/github/germhist/ipchg/structured/wmd/1360_neuesbuch_cologne.ver0_4.txt#bPARSE_4274	DAT>ACC	_	N^A^SG	_	N^D^SG	dep		14	2	P	WMD
file:///home/christian/Desktop/github/germhist/ipchg/structured/wmd/1430_karrenritter_srhfrk.ver0_4.txt#s124_0	nemen	file:///home/christian/Desktop/github/germhist/ipchg/structured/wmd/1430_karrenritter_srhfrk.ver0_4.txt#bPARSE_1982	DAT>ACC	_	N^A^SG	_	N^D^SG	dep		15	1	P	WMD
file:///home/christian/Desktop/github/germhist/ipchg/structured/wmd/1430_karrenritter_srhfrk.ver0_4.txt#s416_0	gab	file:///home/christian/Desktop/github/germhist/ipchg/structured/wmd/1430_karrenritter_srhfrk.ver0_4.txt#bPARSE_6541	DAT>ACC	_	N^A^SG	_	N^D^SG	main		15	1	P	WMD
file:///home/christian/Desktop/github/germhist/ipchg/structured/wmd/1483_koelhoff_cologne.ver0_4.txt#s284_0	bewijsde=beweisen	file:///home/christian/Desktop/github/germhist/ipchg/structured/wmd/1483_koelhoff_cologne.ver0_4.txt#bPARSE_7137	DAT>ACC	_	N^A^SG	_	N^D^SG	dep		15	2	P	WMD
file:///home/christian/Desktop/github/germhist/ipchg/structured/wmd/1483_koelhoff_cologne.ver0_4.txt#s14_0	bryngen=beibringen	file:///home/christian/Desktop/github/germhist/ipchg/structured/wmd/1483_koelhoff_cologne.ver0_4.txt#bPARSE_302	DAT>ACC	_	N^A^SG	_	N^D^SG	dep		15	2	P	WMD
file:///home/christian/Desktop/github/germhist/ipchg/structured/wmd/1483_koelhoff_cologne.ver0_4.txt#s143_0	saget=sagen	file:///home/christian/Desktop/github/germhist/ipchg/structured/wmd/1483_koelhoff_cologne.ver0_4.txt#bPARSE_3885	DAT>ACC	_	N^A^SG	_	N^D^SG	main		15	2	P	WMD
file:///home/christian/Desktop/github/germhist/ipchg/structured/wmd/1483_koelhoff_cologne.ver0_4.txt#s223_0	schreue=_	file:///home/christian/Desktop/github/germhist/ipchg/structured/wmd/1483_koelhoff_cologne.ver0_4.txt#bPARSE_6018	DAT>ACC	_	N^A^PL	_	N^D^SG	main		15	2	P	WMD
file:///home/christian/Desktop/github/germhist/ipchg/structured/wmd/1486_jerusalem_hesse.ver0_4.txt#s262_0	geopffert	file:///home/christian/Desktop/github/germhist/ipchg/structured/wmd/1486_jerusalem_hesse.ver0_4.txt#bPARSE_6652	ACC>DAT	_	N^A^SG	_	N^D^SG	dep		15	2	P	WMD
file:///home/christian/Desktop/github/germhist/ipchg/structured/wmd/1486_jerusalem_hesse.ver0_4.txt#s169_0	wuosch	file:///home/christian/Desktop/github/germhist/ipchg/structured/wmd/1486_jerusalem_hesse.ver0_4.txt#bPARSE_4498	DAT>ACC	_	N^A^PL	_	N^D^PL	dep		15	2	P	WMD
file:///home/christian/Desktop/github/germhist/ipchg/structured/wmd/1486_jerusalem_hesse.ver0_4.txt#s140_0	zeuget	file:///home/christian/Desktop/github/germhist/ipchg/structured/wmd/1486_jerusalem_hesse.ver0_4.txt#bPARSE_3756	DAT>ACC	_	N^A^SG	_	N^D^PL	main		15	2	P	WMD
file:///home/christian/Desktop/github/germhist/ipchg/structured/wmd/1486_jerusalem_hesse.ver0_4.txt#s21_0	geweschen	file:///home/christian/Desktop/github/germhist/ipchg/structured/wmd/1486_jerusalem_hesse.ver0_4.txt#bPARSE_639	DAT>ACC	_	N^A^PL	_	N^D^PL	dep		15	2	P	WMD
file:///home/christian/Desktop/github/germhist/ipchg/structured/wmd/1533_fierrabras_moselfr.ver0_4.txt#s210_0	erschlug	file:///home/christian/Desktop/github/germhist/ipchg/structured/wmd/1533_fierrabras_moselfr.ver0_4.txt#bPARSE_4529	DAT>ACC	_	N^A^SG	_	NPR^D^SG	dep		16	1	P	WMD
file:///home/christian/Desktop/github/germhist/ipchg/structured/wmd/1533_fierrabras_moselfr.ver0_4.txt#s369_0	geben	file:///home/christian/Desktop/github/germhist/ipchg/structured/wmd/1533_fierrabras_moselfr.ver0_4.txt#bPARSE_7543	DAT>ACC	_	N^A^SG	_	N^D^SG	dep		16	1	P	WMD
file:///home/christian/Desktop/github/germhist/ipchg/structured/wmd/1533_fierrabras_moselfr.ver0_4.txt#s46_0	thuo	file:///home/christian/Desktop/github/germhist/ipchg/structured/wmd/1533_fierrabras_moselfr.ver0_4.txt#bPARSE_1227	DAT>ACC	_	N^A^SG	_	N^D^SG	main		16	1	P	WMD
file:///home/christian/Desktop/github/germhist/ipchg/structured/wmd/1533_fierrabras_moselfr.ver0_4.txt#s121_0	gib	file:///home/christian/Desktop/github/germhist/ipchg/structured/wmd/1533_fierrabras_moselfr.ver0_4.txt#bPARSE_2729	ACC>DAT	_	N^A^SG	_	N^D^PL	main		16	1	P	WMD
file:///home/christian/Desktop/github/germhist/ipchg/structured/wmd/1533_fierrabras_moselfr.ver0_4.txt#s119_0	_	file:///home/christian/Desktop/github/germhist/ipchg/structured/wmd/1533_fierrabras_moselfr.ver0_4.txt#bPARSE_2705	ACC>DAT	_	N^A^SG	_	N^G^SG	main		16	1	P	WMD
file:///home/christian/Desktop/github/germhist/ipchg/structured/wmd/1533_fierrabras_moselfr.ver0_4.txt#s12_0	ergeben	file:///home/christian/Desktop/github/germhist/ipchg/structured/wmd/1533_fierrabras_moselfr.ver0_4.txt#bPARSE_424	ACC>DAT	_	N^A^SG	_	N^D^SG	dep		16	1	P	WMD
file:///home/christian/Desktop/github/germhist/ipchg/structured/wmd/1533_fierrabras_moselfr.ver0_4.txt#s327_0	gab	file:///home/christian/Desktop/github/germhist/ipchg/structured/wmd/1533_fierrabras_moselfr.ver0_4.txt#bPARSE_6773	DAT>ACC	_	NUM^A^PL	_	NPR^D^SG	main		16	1	P	WMD
file:///home/christian/Desktop/github/germhist/ipchg/structured/wmd/1533_fierrabras_moselfr.ver0_4.txt#s377_0	sahe	file:///home/christian/Desktop/github/germhist/ipchg/structured/wmd/1533_fierrabras_moselfr.ver0_4.txt#bPARSE_7644	ACC>DAT	_	N^A^SG	_	N^G^SG	dep		16	1	P	WMD
file:///home/christian/Desktop/github/germhist/ipchg/structured/wmd/1533_fierrabras_moselfr.ver0_4.txt#s296_0	hieb	file:///home/christian/Desktop/github/germhist/ipchg/structured/wmd/1533_fierrabras_moselfr.ver0_4.txt#bPARSE_6121	DAT>ACC	_	N^A^SG	_	N^D^SG	main		16	1	P	WMD
file:///home/christian/Desktop/github/germhist/ipchg/structured/wmd/1533_fierrabras_moselfr.ver0_4.txt#s379_0	giß	file:///home/christian/Desktop/github/germhist/ipchg/structured/wmd/1533_fierrabras_moselfr.ver0_4.txt#bPARSE_7691	DAT>ACC	_	N^A^SG	_	N^D^SG	dep		16	1	P	WMD
file:///home/christian/Desktop/github/germhist/ipchg/structured/wmd/1533_fierrabras_moselfr.ver0_4.txt#s181_0	danckt	file:///home/christian/Desktop/github/germhist/ipchg/structured/wmd/1533_fierrabras_moselfr.ver0_4.txt#bPARSE_3877	ACC>DAT	_	NPR^D^SG	_	N^G^SG	main		16	1	P	WMD
file:///home/christian/Desktop/github/germhist/ipchg/structured/wmd/1533_fierrabras_moselfr.ver0_4.txt#s283_0	fristen	file:///home/christian/Desktop/github/germhist/ipchg/structured/wmd/1533_fierrabras_moselfr.ver0_4.txt#bPARSE_5876	DAT>ACC	_	N^A^SG	_	NPR^D^SG	dep		16	1	P	WMD
file:///home/christian/Desktop/github/germhist/ipchg/structured/wmd/1533_fierrabras_moselfr.ver0_4.txt#s55_0	gab	file:///home/christian/Desktop/github/germhist/ipchg/structured/wmd/1533_fierrabras_moselfr.ver0_4.txt#bPARSE_1346	DAT>ACC	_	N^A^PL	_	N^D^SG	main		16	1	P	WMD
file:///home/christian/Desktop/github/germhist/ipchg/structured/wmd/1533_fierrabras_moselfr.ver0_4.txt#s314_0	beschuffs	file:///home/christian/Desktop/github/germhist/ipchg/structured/wmd/1533_fierrabras_moselfr.ver0_4.txt#bPARSE_6541	ACC>DAT	_	NPR^A^SG	_	N^D^SG	main		16	1	P	WMD
file:///home/christian/Desktop/github/germhist/ipchg/structured/wmd/1533_fierrabras_moselfr.ver0_4.txt#s266_0	gab	file:///home/christian/Desktop/github/germhist/ipchg/structured/wmd/1533_fierrabras_moselfr.ver0_4.txt#bPARSE_5601	DAT>ACC	_	N^A^PL	_	N^D^SG	main		16	1	P	WMD
file:///home/christian/Desktop/github/germhist/ipchg/structured/wmd/1533_fierrabras_moselfr.ver0_4.txt#s298_0	bote	file:///home/christian/Desktop/github/germhist/ipchg/structured/wmd/1533_fierrabras_moselfr.ver0_4.txt#bPARSE_6161	DAT>ACC	_	N^A^SG	_	NPR^D^SG	dep		16	1	P	WMD
file:///home/christian/Desktop/github/germhist/ipchg/structured/wmd/1533_fierrabras_moselfr.ver0_4.txt#s401_0	gebe	file:///home/christian/Desktop/github/germhist/ipchg/structured/wmd/1533_fierrabras_moselfr.ver0_4.txt#bPARSE_8033	DAT>ACC	_	N^A^SG	_	N^D^SG	dep		16	1	P	WMD
file:///home/christian/Desktop/github/germhist/ipchg/structured/wmd/1533_fierrabras_moselfr.ver0_4.txt#s327_0	geben	file:///home/christian/Desktop/github/germhist/ipchg/structured/wmd/1533_fierrabras_moselfr.ver0_4.txt#bPARSE_6752	DAT>ACC	_	N^A^SG	_	NPR^D^SG	dep		16	1	P	WMD
file:///home/christian/Desktop/github/germhist/ipchg/structured/wmd/1533_fierrabras_moselfr.ver0_4.txt#s23_0	thuot	file:///home/christian/Desktop/github/germhist/ipchg/structured/wmd/1533_fierrabras_moselfr.ver0_4.txt#bPARSE_685	DAT>ACC	_	N^A^SG	_	N^D^PL	dep		16	1	P	WMD
file:///home/christian/Desktop/github/germhist/ipchg/structured/wmd/1533_fierrabras_moselfr.ver0_4.txt#s285_0	traff	file:///home/christian/Desktop/github/germhist/ipchg/structured/wmd/1533_fierrabras_moselfr.ver0_4.txt#bPARSE_5897	DAT>ACC	_	N^A^SG	_	NPR^D^SG	main		16	1	P	WMD
file:///home/christian/Desktop/github/germhist/ipchg/structured/wmd/1537_jungefursten_cologne.ver0_5a.txt#s35_0	bewiese	file:///home/christian/Desktop/github/germhist/ipchg/structured/wmd/1537_jungefursten_cologne.ver0_5a.txt#bPARSE_1010	DAT>ACC	_	N^A^SG	_	N^D^PL	dep		16	1	P	WMD
file:///home/christian/Desktop/github/germhist/ipchg/structured/wmd/1537_jungefursten_cologne.ver0_5a.txt#s186_0	thuon	file:///home/christian/Desktop/github/germhist/ipchg/structured/wmd/1537_jungefursten_cologne.ver0_5a.txt#bPARSE_5828	DAT>ACC	_	N^A^SG	_	N^D^PL	dep		16	1	P	WMD
file:///home/christian/Desktop/github/germhist/ipchg/structured/wmd/1537_jungefursten_cologne.ver0_5a.txt#s149_0	leisten	file:///home/christian/Desktop/github/germhist/ipchg/structured/wmd/1537_jungefursten_cologne.ver0_5a.txt#bPARSE_4612	DAT>ACC	_	N^A^SG	_	N^D^PL	dep		16	1	P	WMD
file:///home/christian/Desktop/github/germhist/ipchg/structured/wmd/1537_jungefursten_cologne.ver0_5a.txt#s177_0	gab	file:///home/christian/Desktop/github/germhist/ipchg/structured/wmd/1537_jungefursten_cologne.ver0_5a.txt#bPARSE_5518	ACC>DAT	_	N^A^SG	_	N^D^PL	main		16	1	P	WMD
file:///home/christian/Desktop/github/germhist/ipchg/structured/wmd/1537_jungefursten_cologne.ver0_5a.txt#s70_0	thuon	file:///home/christian/Desktop/github/germhist/ipchg/structured/wmd/1537_jungefursten_cologne.ver0_5a.txt#bPARSE_2095	DAT>ACC	_	N^A^SG	_	N^D^PL	dep		16	1	P	WMD
file:///home/christian/Desktop/github/germhist/ipchg/structured/wmd/1537_jungefursten_cologne.ver0_5a.txt#s152_0	geben	file:///home/christian/Desktop/github/germhist/ipchg/structured/wmd/1537_jungefursten_cologne.ver0_5a.txt#bPARSE_4691	DAT>ACC	_	N^A^SG	_	N^D^PL	dep		16	1	P	WMD
file:///home/christian/Desktop/github/germhist/ipchg/structured/wmd/1537_jungefursten_cologne.ver0_5a.txt#s191_0	vermehren	file:///home/christian/Desktop/github/germhist/ipchg/structured/wmd/1537_jungefursten_cologne.ver0_5a.txt#bPARSE_5976	DAT>ACC	_	N^A^SG	_	N^D^PL	dep		16	1	P	WMD
file:///home/christian/Desktop/github/germhist/ipchg/structured/wmd/1557_staden_historia.ver0_4.txt#s60_0	Theten	file:///home/christian/Desktop/github/germhist/ipchg/structured/wmd/1557_staden_historia.ver0_4.txt#bPARSE_772	DAT>ACC	_	N^A^SG	_	N^D^SG	main		16	2	P	WMD
file:///home/christian/Desktop/github/germhist/ipchg/structured/wmd/1557_staden_historia.ver0_4.txt#s72_0	vertilgen	file:///home/christian/Desktop/github/germhist/ipchg/structured/wmd/1557_staden_historia.ver0_4.txt#bPARSE_898	DAT>ACC	_	N^A^SG	_	N^D^PL	dep		16	2	P	WMD
file:///home/christian/Desktop/github/germhist/ipchg/structured/wmd/1557_staden_historia.ver0_4.txt#s380_0	gethon	file:///home/christian/Desktop/github/germhist/ipchg/structured/wmd/1557_staden_historia.ver0_4.txt#bPARSE_5200	DAT>ACC	_	N^A^SG	_	N^D^PL	main		16	2	P	WMD
file:///home/christian/Desktop/github/germhist/ipchg/structured/wmd/1609_teutschernation_cologne.ver0_4.txt#s315_0	schickt	file:///home/christian/Desktop/github/germhist/ipchg/structured/wmd/1609_teutschernation_cologne.ver0_4.txt#bPARSE_6823	DAT>ACC	_	N^A^SG	_	N^D^SG	dep		17	1	P	WMD
file:///home/christian/Desktop/github/germhist/ipchg/structured/wmd/1609_teutschernation_cologne.ver0_4.txt#s220_0	_	file:///home/christian/Desktop/github/germhist/ipchg/structured/wmd/1609_teutschernation_cologne.ver0_4.txt#bPARSE_4654	DAT>ACC	_	N^A^SG	_	N^D^SG	main		17	1	P	WMD
file:///home/christian/Desktop/github/germhist/ipchg/structured/wmd/1609_teutschernation_cologne.ver0_4.txt#s147_0	rechnet	file:///home/christian/Desktop/github/germhist/ipchg/structured/wmd/1609_teutschernation_cologne.ver0_4.txt#bPARSE_3481	DAT>ACC	_	N^A^SG	_	NPR^D^SG	main		17	1	P	WMD
file:///home/christian/Desktop/github/germhist/ipchg/structured/wmd/1609_teutschernation_cologne.ver0_4.txt#s118_0	bringen	file:///home/christian/Desktop/github/germhist/ipchg/structured/wmd/1609_teutschernation_cologne.ver0_4.txt#bPARSE_2976	DAT>ACC	_	N^A^SG	_	N^D^SG	main		17	1	P	WMD
file:///home/christian/Desktop/github/germhist/ipchg/structured/wod/1450_nabuchodonosor_alsace.ver0_4.txt#s17_0	gab	file:///home/christian/Desktop/github/germhist/ipchg/structured/wod/1450_nabuchodonosor_alsace.ver0_4.txt#bPARSE_393	DAT>ACC	_	N^A^SG	_	NPR^D^SG	main		15	2	P	WOD
file:///home/christian/Desktop/github/germhist/ipchg/structured/wod/1450_nabuchodonosor_alsace.ver0_4.txt#s188_0	machent	file:///home/christian/Desktop/github/germhist/ipchg/structured/wod/1450_nabuchodonosor_alsace.ver0_4.txt#bPARSE_3836	DAT>ACC	_	N^A^SG	_	N^D^SG	dep		15	2	P	WOD
file:///home/christian/Desktop/github/germhist/ipchg/structured/wod/1450_nabuchodonosor_alsace.ver0_4.txt#s279_0	tribet	file:///home/christian/Desktop/github/germhist/ipchg/structured/wod/1450_nabuchodonosor_alsace.ver0_4.txt#bPARSE_5861	DAT>ACC	_	N^A^SG	_	N^D^PL	dep		15	2	P	WOD
file:///home/christian/Desktop/github/germhist/ipchg/structured/wod/1450_nabuchodonosor_alsace.ver0_4.txt#s179_0	losset	file:///home/christian/Desktop/github/germhist/ipchg/structured/wod/1450_nabuchodonosor_alsace.ver0_4.txt#bPARSE_3673	DAT>ACC	_	N^A^PL	_	N^D^SG	dep		15	2	P	WOD
file:///home/christian/Desktop/github/germhist/ipchg/structured/wod/1450_nabuchodonosor_alsace.ver0_4.txt#s243_0	rüfende	file:///home/christian/Desktop/github/germhist/ipchg/structured/wod/1450_nabuchodonosor_alsace.ver0_4.txt#bPARSE_5007	DAT>ACC	_	N^A^SG	_	N^D^SG	dep		15	2	P	WOD
file:///home/christian/Desktop/github/germhist/ipchg/structured/wod/1450_nabuchodonosor_alsace.ver0_4.txt#s301_0	tün	file:///home/christian/Desktop/github/germhist/ipchg/structured/wod/1450_nabuchodonosor_alsace.ver0_4.txt#bPARSE_6335	DAT>ACC	_	N^A^PL	_	N^D^PL	dep		15	2	P	WOD
file:///home/christian/Desktop/github/germhist/ipchg/structured/wod/1450_nabuchodonosor_alsace.ver0_4.txt#s338_0	sagen	file:///home/christian/Desktop/github/germhist/ipchg/structured/wod/1450_nabuchodonosor_alsace.ver0_4.txt#bPARSE_7073	DAT>ACC	_	N^A^SG	_	N^D^SG	dep		15	2	P	WOD
file:///home/christian/Desktop/github/germhist/ipchg/structured/wod/1450_nabuchodonosor_alsace.ver0_4.txt#s246_0	gab	file:///home/christian/Desktop/github/germhist/ipchg/structured/wod/1450_nabuchodonosor_alsace.ver0_4.txt#bPARSE_5110	DAT>ACC	_	N^A^SG	_	NPR^D^SG	main		15	2	P	WOD
file:///home/christian/Desktop/github/germhist/ipchg/structured/wod/1450_nabuchodonosor_alsace.ver0_4.txt#s333_0	zöiget	file:///home/christian/Desktop/github/germhist/ipchg/structured/wod/1450_nabuchodonosor_alsace.ver0_4.txt#bPARSE_6976	ACC>DAT	_	N^A^SG	_	N^D^SG	dep		15	2	P	WOD
file:///home/christian/Desktop/github/germhist/ipchg/structured/wod/1450_nabuchodonosor_alsace.ver0_4.txt#s17_0	gab	file:///home/christian/Desktop/github/germhist/ipchg/structured/wod/1450_nabuchodonosor_alsace.ver0_4.txt#bPARSE_386	DAT>ACC	_	N^A^SG	_	N^D^PL	main		15	2	P	WOD
file:///home/christian/Desktop/github/germhist/ipchg/structured/wod/1450_nabuchodonosor_alsace.ver0_4.txt#s223_0	gab	file:///home/christian/Desktop/github/germhist/ipchg/structured/wod/1450_nabuchodonosor_alsace.ver0_4.txt#bPARSE_4471	ACC>DAT	_	N^A^SG	_	NPR^D^SG	main		15	2	P	WOD
file:///home/christian/Desktop/github/germhist/ipchg/structured/wod/1450_nabuchodonosor_alsace.ver0_4.txt#s16_0	wandelte	file:///home/christian/Desktop/github/germhist/ipchg/structured/wod/1450_nabuchodonosor_alsace.ver0_4.txt#bPARSE_370	DAT>ACC	_	N^A^PL	_	N^D^PL	main		15	2	P	WOD
file:///home/christian/Desktop/github/germhist/ipchg/structured/wod/1486_edlibach_switzerland.ver0_4.txt#s125_0	gesetz=setzen	file:///home/christian/Desktop/github/germhist/ipchg/structured/wod/1486_edlibach_switzerland.ver0_4.txt#bPARSE_6286	DAT>ACC	_	N^A^SG	_	N^D^PL	dep		15	2	P	WOD
file:///home/christian/Desktop/github/germhist/ipchg/structured/wod/1486_edlibach_switzerland.ver0_4.txt#s29_0	gesetz=setzen	file:///home/christian/Desktop/github/germhist/ipchg/structured/wod/1486_edlibach_switzerland.ver0_4.txt#bPARSE_1537	DAT>ACC	_	N^A^SG	_	N^D^PL	main		15	2	P	WOD
file:///home/christian/Desktop/github/germhist/ipchg/structured/wod/1486_edlibach_switzerland.ver0_4.txt#s8_0	zougtend=zeigen	file:///home/christian/Desktop/github/germhist/ipchg/structured/wod/1486_edlibach_switzerland.ver0_4.txt#bPARSE_330	DAT>ACC	_	N^A^SG	_	N^D^PL	main		15	2	P	WOD
file:///home/christian/Desktop/github/germhist/ipchg/structured/wod/1486_edlibach_switzerland.ver0_4.txt#s72_0	behebent=anbehaben	file:///home/christian/Desktop/github/germhist/ipchg/structured/wod/1486_edlibach_switzerland.ver0_4.txt#bPARSE_3999	DAT>ACC	_	N^A^SG	_	N^D^SG	dep		15	2	P	WOD
file:///home/christian/Desktop/github/germhist/ipchg/structured/wod/1486_edlibach_switzerland.ver0_4.txt#s103_0	geben=geben	file:///home/christian/Desktop/github/germhist/ipchg/structured/wod/1486_edlibach_switzerland.ver0_4.txt#bPARSE_5347	DAT>ACC	_	N^A^SG	_	N^D^SG	dep		15	2	P	WOD
file:///home/christian/Desktop/github/germhist/ipchg/structured/wod/1497_cirurgia_alsace.ver0_4.txt#s4_0	bringt	file:///home/christian/Desktop/github/germhist/ipchg/structured/wod/1497_cirurgia_alsace.ver0_4.txt#bPARSE_93	DAT>ACC	_	N^A^SG	_	N^D^SG	main		15	2	P	WOD
file:///home/christian/Desktop/github/germhist/ipchg/structured/wod/1521_olvier_switzerland.ver0_5b.txt#s58_0	entpfelen	file:///home/christian/Desktop/github/germhist/ipchg/structured/wod/1521_olvier_switzerland.ver0_5b.txt#bPARSE_1146	DAT>ACC	_	N^A^SG	_	N^D^SG	main		16	1	P	WOD
file:///home/christian/Desktop/github/germhist/ipchg/structured/wod/1521_olvier_switzerland.ver0_5b.txt#s165_0	erzeyg	file:///home/christian/Desktop/github/germhist/ipchg/structured/wod/1521_olvier_switzerland.ver0_5b.txt#bPARSE_3078	DAT>ACC	_	N^A^SG	_	N^D^SG	dep		16	1	P	WOD
file:///home/christian/Desktop/github/germhist/ipchg/structured/wod/1521_olvier_switzerland.ver0_5b.txt#s198_0	enteckt	file:///home/christian/Desktop/github/germhist/ipchg/structured/wod/1521_olvier_switzerland.ver0_5b.txt#bPARSE_3746	ACC>DAT	_	N^A^SG	_	NPR^D^SG	main		16	1	P	WOD
file:///home/christian/Desktop/github/germhist/ipchg/structured/wod/1521_olvier_switzerland.ver0_5b.txt#s228_0	schluog	file:///home/christian/Desktop/github/germhist/ipchg/structured/wod/1521_olvier_switzerland.ver0_5b.txt#bPARSE_4280	DAT>ACC	_	N^A^SG	_	N^D^SG	main		16	1	P	WOD
file:///home/christian/Desktop/github/germhist/ipchg/structured/wod/1521_olvier_switzerland.ver0_5b.txt#s87_0	empfal	file:///home/christian/Desktop/github/germhist/ipchg/structured/wod/1521_olvier_switzerland.ver0_5b.txt#bPARSE_1564	DAT>ACC	_	N^A^SG	_	N^D^SG	main		16	1	P	WOD
file:///home/christian/Desktop/github/germhist/ipchg/structured/wod/1521_olvier_switzerland.ver0_5b.txt#s184_0	gab	file:///home/christian/Desktop/github/germhist/ipchg/structured/wod/1521_olvier_switzerland.ver0_5b.txt#bPARSE_3419	ACC>DAT	_	N^A^SG	_	N^D^SG	main		16	1	P	WOD
file:///home/christian/Desktop/github/germhist/ipchg/structured/wod/1521_olvier_switzerland.ver0_5b.txt#s3_0	erwerben	file:///home/christian/Desktop/github/germhist/ipchg/structured/wod/1521_olvier_switzerland.ver0_5b.txt#bPARSE_69	DAT>ACC	_	N^A^SG	_	N^D^SG	dep		16	1	P	WOD
file:///home/christian/Desktop/github/germhist/ipchg/structured/wod/1521_olvier_switzerland.ver0_5b.txt#s72_0	entbot	file:///home/christian/Desktop/github/germhist/ipchg/structured/wod/1521_olvier_switzerland.ver0_5b.txt#bPARSE_1362	DAT>ACC	_	N^A^SG	_	N^D^SG	main		16	1	P	WOD
file:///home/christian/Desktop/github/germhist/ipchg/structured/wod/1521_olvier_switzerland.ver0_5b.txt#s310_0	schanckt	file:///home/christian/Desktop/github/germhist/ipchg/structured/wod/1521_olvier_switzerland.ver0_5b.txt#bPARSE_5984	DAT>ACC	_	N^A^SG	_	N^D^SG	main		16	1	P	WOD
file:///home/christian/Desktop/github/germhist/ipchg/structured/wod/1521_olvier_switzerland.ver0_5b.txt#s61_0	bringen	file:///home/christian/Desktop/github/germhist/ipchg/structured/wod/1521_olvier_switzerland.ver0_5b.txt#bPARSE_1191	ACC>DAT	_	N^A^SG	_	N^D^SG	dep		16	1	P	WOD
file:///home/christian/Desktop/github/germhist/ipchg/structured/wod/1521_olvier_switzerland.ver0_5b.txt#s51_0	geben	file:///home/christian/Desktop/github/germhist/ipchg/structured/wod/1521_olvier_switzerland.ver0_5b.txt#bPARSE_1002	DAT>ACC	_	N^A^SG	_	N^D^PL	main		16	1	P	WOD
file:///home/christian/Desktop/github/germhist/ipchg/structured/wod/1523_butzer_alsace.ver0_5b.txt#s137_0	streckt=fürstrecken	file:///home/christian/Desktop/github/germhist/ipchg/structured/wod/1523_butzer_alsace.ver0_5b.txt#bPARSE_3585	DAT>ACC	_	N^A^SG	_	N^D^PL	main		16	1	P	WOD
file:///home/christian/Desktop/github/germhist/ipchg/structured/wod/1523_butzer_alsace.ver0_5b.txt#s183_0	machen=machen	file:///home/christian/Desktop/github/germhist/ipchg/structured/wod/1523_butzer_alsace.ver0_5b.txt#bPARSE_4793	ACC>DAT	_	N^A^SG	_	N^D^SG	dep		16	1	P	WOD
file:///home/christian/Desktop/github/germhist/ipchg/structured/wod/1523_butzer_alsace.ver0_5b.txt#s19_0	gethon=thun	file:///home/christian/Desktop/github/germhist/ipchg/structured/wod/1523_butzer_alsace.ver0_5b.txt#bPARSE_580	DAT>ACC	_	N^A^SG	_	N^D^SG	main		16	1	P	WOD
file:///home/christian/Desktop/github/germhist/ipchg/structured/wod/1523_butzer_alsace.ver0_5b.txt#s137_0	beweisen=beweisen	file:///home/christian/Desktop/github/germhist/ipchg/structured/wod/1523_butzer_alsace.ver0_5b.txt#bPARSE_3605	DAT>ACC	_	N^A^SG	_	N^N^SG	dep		16	1	P	WOD
file:///home/christian/Desktop/github/germhist/ipchg/structured/wod/1523_butzer_alsace.ver0_5b.txt#s221_0	thuon=thun	file:///home/christian/Desktop/github/germhist/ipchg/structured/wod/1523_butzer_alsace.ver0_5b.txt#bPARSE_6138	DAT>ACC	_	N^A^SG	_	N^D^SG	dep		16	1	P	WOD
file:///home/christian/Desktop/github/germhist/ipchg/structured/wod/1523_butzer_alsace.ver0_5b.txt#s22_0	sagen=sagen	file:///home/christian/Desktop/github/germhist/ipchg/structured/wod/1523_butzer_alsace.ver0_5b.txt#bPARSE_687	DAT>ACC	_	N^A^SG	_	N^D^SG	dep		16	1	P	WOD
file:///home/christian/Desktop/github/germhist/ipchg/structured/wod/1534_weltbuch_swabia.ver0_4.txt#s425_0	opffern	file:///home/christian/Desktop/github/germhist/ipchg/structured/wod/1534_weltbuch_swabia.ver0_4.txt#bPARSE_6507	ACC>DAT	_	N^A^SG	_	N^D^SG	main		16	1	P	WOD
file:///home/christian/Desktop/github/germhist/ipchg/structured/wod/1534_weltbuch_swabia.ver0_4.txt#s134_0	lonet	file:///home/christian/Desktop/github/germhist/ipchg/structured/wod/1534_weltbuch_swabia.ver0_4.txt#bPARSE_2494	DAT>ACC	_	N^D^SG	_	N^D^SG	dep		16	1	P	WOD
file:///home/christian/Desktop/github/germhist/ipchg/structured/wod/1534_weltbuch_swabia.ver0_4.txt#s195_0	gibt	file:///home/christian/Desktop/github/germhist/ipchg/structured/wod/1534_weltbuch_swabia.ver0_4.txt#bPARSE_3309	DAT>ACC	_	N^A^SG	_	N^D^SG	dep		16	1	P	WOD
file:///home/christian/Desktop/github/germhist/ipchg/structured/wod/1534_weltbuch_swabia.ver0_4.txt#s101_0	geben	file:///home/christian/Desktop/github/germhist/ipchg/structured/wod/1534_weltbuch_swabia.ver0_4.txt#bPARSE_1987	DAT>ACC	_	N^A^PL	_	N^D^SG	dep		16	1	P	WOD
file:///home/christian/Desktop/github/germhist/ipchg/structured/wod/1534_weltbuch_swabia.ver0_4.txt#s450_0	sag	file:///home/christian/Desktop/github/germhist/ipchg/structured/wod/1534_weltbuch_swabia.ver0_4.txt#bPARSE_6871	ACC>DAT	_	N^A^SG	_	N^D^SG	main		16	1	P	WOD
file:///home/christian/Desktop/github/germhist/ipchg/structured/wod/1534_weltbuch_swabia.ver0_4.txt#s272_0	halten	file:///home/christian/Desktop/github/germhist/ipchg/structured/wod/1534_weltbuch_swabia.ver0_4.txt#bPARSE_4533	ACC>DAT	_	N^A^SG	_	N^D^SG	main		16	1	P	WOD
file:///home/christian/Desktop/github/germhist/ipchg/structured/wod/1534_weltbuch_swabia.ver0_4.txt#s429_0	opffern	file:///home/christian/Desktop/github/germhist/ipchg/structured/wod/1534_weltbuch_swabia.ver0_4.txt#bPARSE_6598	ACC>DAT	_	N^A^SG	_	N^D^PL	dep		16	1	P	WOD
file:///home/christian/Desktop/github/germhist/ipchg/structured/wod/1534_weltbuch_swabia.ver0_4.txt#s99_0	geben	file:///home/christian/Desktop/github/germhist/ipchg/structured/wod/1534_weltbuch_swabia.ver0_4.txt#bPARSE_1949	DAT>ACC	_	N^A^PL	_	N^D^SG	dep		16	1	P	WOD
file:///home/christian/Desktop/github/germhist/ipchg/structured/wod/1534_weltbuch_swabia.ver0_4.txt#s350_0	kawen	file:///home/christian/Desktop/github/germhist/ipchg/structured/wod/1534_weltbuch_swabia.ver0_4.txt#bPARSE_5575	ACC>DAT	_	N^A^SG	_	N^D^PL	main		16	1	P	WOD
file:///home/christian/Desktop/github/germhist/ipchg/structured/wod/1534_weltbuch_swabia.ver0_4.txt#s516_0	namen	file:///home/christian/Desktop/github/germhist/ipchg/structured/wod/1534_weltbuch_swabia.ver0_4.txt#bPARSE_7922	DAT>ACC	_	N^A^PL	_	N^D^SG	main		16	1	P	WOD
file:///home/christian/Desktop/github/germhist/ipchg/structured/wod/1534_weltbuch_swabia.ver0_4.txt#s39_0	thuon	file:///home/christian/Desktop/github/germhist/ipchg/structured/wod/1534_weltbuch_swabia.ver0_4.txt#bPARSE_796	DAT>ACC	_	N^A^SG	_	N^D^PL	dep		16	1	P	WOD
file:///home/christian/Desktop/github/germhist/ipchg/structured/wod/1534_weltbuch_swabia.ver0_4.txt#s409_0	bringen	file:///home/christian/Desktop/github/germhist/ipchg/structured/wod/1534_weltbuch_swabia.ver0_4.txt#bPARSE_6313	DAT>ACC	_	N^A^SG	_	N^D^PL	dep		16	1	P	WOD
file:///home/christian/Desktop/github/germhist/ipchg/structured/wod/1534_weltbuch_swabia.ver0_4.txt#s328_0	opfferten	file:///home/christian/Desktop/github/germhist/ipchg/structured/wod/1534_weltbuch_swabia.ver0_4.txt#bPARSE_5337	DAT>ACC	_	N^A^PL	_	NPR^D^SG	main		16	1	P	WOD
file:///home/christian/Desktop/github/germhist/ipchg/structured/wod/1534_weltbuch_swabia.ver0_4.txt#s445_0	thuond	file:///home/christian/Desktop/github/germhist/ipchg/structured/wod/1534_weltbuch_swabia.ver0_4.txt#bPARSE_6817	DAT>ACC	_	N^A^SG	_	N^D^SG	main		16	1	P	WOD
file:///home/christian/Desktop/github/germhist/ipchg/structured/wod/1556_nachbarn_alsace.ver0_4.txt#s147_0	ließ=lassen	file:///home/christian/Desktop/github/germhist/ipchg/structured/wod/1556_nachbarn_alsace.ver0_4.txt#bPARSE_3478	DAT>ACC	_	N^A^SG	_	N^D^SG	main		16	2	P	WOD
file:///home/christian/Desktop/github/germhist/ipchg/structured/wod/1556_nachbarn_alsace.ver0_4.txt#s82_0	schlagen=abschlagen	file:///home/christian/Desktop/github/germhist/ipchg/structured/wod/1556_nachbarn_alsace.ver0_4.txt#bPARSE_2038	DAT>ACC	_	N^A^SG	_	N^D^SG	dep		16	2	P	WOD
file:///home/christian/Desktop/github/germhist/ipchg/structured/wod/1556_nachbarn_alsace.ver0_4.txt#s60_0	machen=machen	file:///home/christian/Desktop/github/germhist/ipchg/structured/wod/1556_nachbarn_alsace.ver0_4.txt#bPARSE_1456	DAT>ACC	_	N^A^SG	_	N^D^SG	main		16	2	P	WOD
file:///home/christian/Desktop/github/germhist/ipchg/structured/wod/1556_nachbarn_alsace.ver0_4.txt#s250_0	geben=geben	file:///home/christian/Desktop/github/germhist/ipchg/structured/wod/1556_nachbarn_alsace.ver0_4.txt#bPARSE_6052	DAT>ACC	_	N^A^SG	_	N^D^SG	dep		16	2	P	WOD
file:///home/christian/Desktop/github/germhist/ipchg/structured/wod/1556_nachbarn_alsace.ver0_4.txt#s224_0	opffern=aufopfern	file:///home/christian/Desktop/github/germhist/ipchg/structured/wod/1556_nachbarn_alsace.ver0_4.txt#bPARSE_5522	ACC>DAT	_	N^A^SG	_	N^D^SG	dep		16	2	P	WOD
file:///home/christian/Desktop/github/germhist/ipchg/structured/wod/1556_nachbarn_alsace.ver0_4.txt#s287_0	geschenckt=schenken	file:///home/christian/Desktop/github/germhist/ipchg/structured/wod/1556_nachbarn_alsace.ver0_4.txt#bPARSE_6907	DAT>ACC	_	N^A^SG	_	N^D^SG	main		16	2	P	WOD
file:///home/christian/Desktop/github/germhist/ipchg/structured/wod/1556_nachbarn_alsace.ver0_4.txt#s28_0	geben=geben	file:///home/christian/Desktop/github/germhist/ipchg/structured/wod/1556_nachbarn_alsace.ver0_4.txt#bPARSE_774	DAT>ACC	_	N^A^SG	_	N^D^SG	dep		16	2	P	WOD
file:///home/christian/Desktop/github/germhist/ipchg/structured/wod/1556_nachbarn_alsace.ver0_4.txt#s159_0	gab=geben	file:///home/christian/Desktop/github/germhist/ipchg/structured/wod/1556_nachbarn_alsace.ver0_4.txt#bPARSE_3767	DAT>ACC	_	N^A^SG	_	N^D^SG	dep		16	2	P	WOD
file:///home/christian/Desktop/github/germhist/ipchg/structured/wod/1556_nachbarn_alsace.ver0_4.txt#s178_0	gethon=thun	file:///home/christian/Desktop/github/germhist/ipchg/structured/wod/1556_nachbarn_alsace.ver0_4.txt#bPARSE_4245	DAT>ACC	_	N^A^SG	_	N^D^SG	main		16	2	P	WOD
file:///home/christian/Desktop/github/germhist/ipchg/structured/wod/1556_nachbarn_alsace.ver0_4.txt#s100_0	erzalt=erzählen	file:///home/christian/Desktop/github/germhist/ipchg/structured/wod/1556_nachbarn_alsace.ver0_4.txt#bPARSE_2521	DAT>ACC	_	N^A^SG	_	NPR^D^SG	dep		16	2	P	WOD
file:///home/christian/Desktop/github/germhist/ipchg/structured/wod/1556_nachbarn_alsace.ver0_4.txt#s138_0	gesaget=sagen	file:///home/christian/Desktop/github/germhist/ipchg/structured/wod/1556_nachbarn_alsace.ver0_4.txt#bPARSE_3284	DAT>ACC	_	N^A^SG	_	N^D^SG	main		16	2	P	WOD
file:///home/christian/Desktop/github/germhist/ipchg/structured/wod/1556_nachbarn_alsace.ver0_4.txt#s237_0	halten=fürhalten	file:///home/christian/Desktop/github/germhist/ipchg/structured/wod/1556_nachbarn_alsace.ver0_4.txt#bPARSE_5818	DAT>ACC	_	N^A^SG	_	N^D^SG	dep		16	2	P	WOD
file:///home/christian/Desktop/github/germhist/ipchg/structured/wod/1556_nachbarn_alsace.ver0_4.txt#s35_0	schutten=abschütten	file:///home/christian/Desktop/github/germhist/ipchg/structured/wod/1556_nachbarn_alsace.ver0_4.txt#bPARSE_925	ACC>DAT	_	N^A^PL	_	NPR^D^SG	main		16	2	P	WOD
file:///home/christian/Desktop/github/germhist/ipchg/structured/wod/1556_nachbarn_alsace.ver0_4.txt#s319_0	gaben=geben	file:///home/christian/Desktop/github/germhist/ipchg/structured/wod/1556_nachbarn_alsace.ver0_4.txt#bPARSE_7480	DAT>ACC	_	N^A^SG	_	N^D^SG	main		16	2	P	WOD
file:///home/christian/Desktop/github/germhist/ipchg/structured/wod/1556_nachbarn_alsace.ver0_4.txt#s284_0	gesagt=sagen	file:///home/christian/Desktop/github/germhist/ipchg/structured/wod/1556_nachbarn_alsace.ver0_4.txt#bPARSE_6882	DAT>ACC	_	N^A^SG	_	N^D^SG	main		16	2	P	WOD
file:///home/christian/Desktop/github/germhist/ipchg/structured/wod/1556_nachbarn_alsace.ver0_4.txt#s62_0	vergunnen=vergönnen	file:///home/christian/Desktop/github/germhist/ipchg/structured/wod/1556_nachbarn_alsace.ver0_4.txt#bPARSE_1489	DAT>ACC	_	N^A^SG	_	NPR^D^SG	dep		16	2	P	WOD
file:///home/christian/Desktop/github/germhist/ipchg/structured/wod/1556_nachbarn_alsace.ver0_4.txt#s219_0	verkuplen=verkuppeln	file:///home/christian/Desktop/github/germhist/ipchg/structured/wod/1556_nachbarn_alsace.ver0_4.txt#bPARSE_5440	DAT>ACC	_	N^A^SG	_	N^D^SG	dep		16	2	P	WOD
file:///home/christian/Desktop/github/germhist/ipchg/structured/wod/1556_nachbarn_alsace.ver0_4.txt#s141_0	erlaiden=erleiden	file:///home/christian/Desktop/github/germhist/ipchg/structured/wod/1556_nachbarn_alsace.ver0_4.txt#bPARSE_3336	DAT>ACC	_	N^A^SG	_	N^D^SG	dep		16	2	P	WOD
file:///home/christian/Desktop/github/germhist/ipchg/structured/wod/1556_nachbarn_alsace.ver0_4.txt#s193_0	geben=geben	file:///home/christian/Desktop/github/germhist/ipchg/structured/wod/1556_nachbarn_alsace.ver0_4.txt#bPARSE_4633	DAT>ACC	_	N^A^SG	_	N^D^SG	dep		16	2	P	WOD
file:///home/christian/Desktop/github/germhist/ipchg/structured/wod/1556_nachbarn_alsace.ver0_4.txt#s17_0	zaigt=anzeigen	file:///home/christian/Desktop/github/germhist/ipchg/structured/wod/1556_nachbarn_alsace.ver0_4.txt#bPARSE_432	DAT>ACC	_	N^A^SG	_	N^D^SG	main		16	2	P	WOD
file:///home/christian/Desktop/github/germhist/ipchg/structured/wod/1556_nachbarn_alsace.ver0_4.txt#s306_0	forderen=fordern	file:///home/christian/Desktop/github/germhist/ipchg/structured/wod/1556_nachbarn_alsace.ver0_4.txt#bPARSE_7305	ACC>DAT	_	N^A^SG	_	N^G^SG	dep		16	2	P	WOD
file:///home/christian/Desktop/github/germhist/ipchg/structured/wod/1556_nachbarn_alsace.ver0_4.txt#s300_0	versagt=versagen	file:///home/christian/Desktop/github/germhist/ipchg/structured/wod/1556_nachbarn_alsace.ver0_4.txt#bPARSE_7190	DAT>ACC	_	N^A^PL	_	NPR^D^SG	dep		16	2	P	WOD
file:///home/christian/Desktop/github/germhist/ipchg/structured/wod/1556_nachbarn_alsace.ver0_4.txt#s120_0	sagte=sagen	file:///home/christian/Desktop/github/germhist/ipchg/structured/wod/1556_nachbarn_alsace.ver0_4.txt#bPARSE_2993	DAT>ACC	_	N^A^SG	_	N^D^SG	dep		16	2	P	WOD
file:///home/christian/Desktop/github/germhist/ipchg/structured/wod/1624_schiffarten_switzerland.ver0_4.txt#s228_0	geben	file:///home/christian/Desktop/github/germhist/ipchg/structured/wod/1624_schiffarten_switzerland.ver0_4.txt#bPARSE_4714	DAT>ACC	_	N^A^PL	_	N^D^SG	main		17	1	P	WOD
file:///home/christian/Desktop/github/germhist/ipchg/structured/wod/1624_schiffarten_switzerland.ver0_4.txt#s69_0	thun	file:///home/christian/Desktop/github/germhist/ipchg/structured/wod/1624_schiffarten_switzerland.ver0_4.txt#bPARSE_1535	DAT>ACC	_	N^A^SG	_	N^D^SG	dep		17	1	P	WOD
file:///home/christian/Desktop/github/germhist/ipchg/structured/wod/1624_schiffarten_switzerland.ver0_4.txt#s22_0	thun	file:///home/christian/Desktop/github/germhist/ipchg/structured/wod/1624_schiffarten_switzerland.ver0_4.txt#bPARSE_649	DAT>ACC	_	N^A^SG	_	N^D^SG	dep		17	1	P	WOD
file:///home/christian/Desktop/github/germhist/ipchg/structured/wod/1624_schiffarten_switzerland.ver0_4.txt#s154_0	geben	file:///home/christian/Desktop/github/germhist/ipchg/structured/wod/1624_schiffarten_switzerland.ver0_4.txt#bPARSE_3213	DAT>ACC	_	N^A^SG	_	N^D^PL	main		17	1	P	WOD
file:///home/christian/Desktop/github/germhist/ipchg/structured/wod/1624_schiffarten_switzerland.ver0_4.txt#s247_0	schneiden	file:///home/christian/Desktop/github/germhist/ipchg/structured/wod/1624_schiffarten_switzerland.ver0_4.txt#bPARSE_5167	DAT>ACC	_	N^A^PL	_	N^D^PL	dep		17	1	P	WOD
file:///home/christian/Desktop/github/germhist/ipchg/structured/wod/1624_schiffarten_switzerland.ver0_4.txt#s144_0	ziehen	file:///home/christian/Desktop/github/germhist/ipchg/structured/wod/1624_schiffarten_switzerland.ver0_4.txt#bPARSE_3001	DAT>ACC	_	N^A^SG	_	N^D^PL	dep		17	1	P	WOD
file:///home/christian/Desktop/github/germhist/ipchg/structured/wod/1624_schiffarten_switzerland.ver0_4.txt#s323_0	hawen	file:///home/christian/Desktop/github/germhist/ipchg/structured/wod/1624_schiffarten_switzerland.ver0_4.txt#bPARSE_6600	DAT>ACC	_	N^A^PL	_	N^D^PL	dep		17	1	P	WOD
file:///home/christian/Desktop/github/germhist/ipchg/structured/wod/1624_schiffarten_switzerland.ver0_4.txt#s325_0	geschencket	file:///home/christian/Desktop/github/germhist/ipchg/structured/wod/1624_schiffarten_switzerland.ver0_4.txt#bPARSE_6782	ACC>DAT	_	N^A^SG	_	N^D^SG	dep		17	1	P	WOD
